timestamp_unix,label
1775093801.128792,right
1775093803.13583,rest
1775093805.153579,left
1775093807.159619,rest
1775093809.161634,right
1775093811.177685,rest
1775093813.180646,left
1775093815.1859589,rest
1775093817.191089,right
1775093819.194884,rest
1775093821.204818,left
1775093823.211444,rest
1775093825.214769,right
1775093827.221428,rest
1775093829.231769,left
1775093831.249072,rest
1775093833.255189,right
1775093835.273458,rest
1775093837.277744,left
1775093839.285101,rest
1775093841.2942421,right
1775093843.303413,rest
1775093845.3158882,left
1775093847.322762,rest
1775093849.3350852,right
1775093851.345954,rest
1775093853.360542,left
1775093855.36961,rest
1775093857.3799639,right
1775093859.387326,rest
1775093861.404733,left
1775093863.408175,rest
1775093865.422155,right
1775093867.441029,rest
1775093869.4461582,left
1775093871.4482079,rest
1775093873.452728,right
1775093875.457825,rest
1775093877.476207,left
1775093879.494426,rest
1775093881.49739,right
1775093883.503683,rest
1775093885.511443,left
1775093887.528377,rest
1775093889.538271,right
1775093891.544266,rest
1775093893.552445,left
1775093895.5681942,rest
1775093897.572358,right
1775093899.5856209,rest
1775093901.5912251,left
1775093903.601484,rest
1775093905.6099,right
1775093907.614615,rest
1775093909.620374,left
1775093911.6373508,rest
1775093913.640716,right
1775093915.653568,rest
1775093917.657155,left
1775093919.6680598,rest
1775093921.678902,right
1775093923.6842072,rest
1775093925.6922328,left
1775093927.6981068,rest
1775093929.703344,right
1775093931.7064629,rest
1775093933.714891,left
1775093935.7221591,rest
1775093937.731749,right
1775093939.748181,rest
1775093941.7534342,left
1775093943.767421,rest
1775093945.780927,right
1775093947.799283,rest
1775093949.817225,left
1775093951.826568,rest
1775093953.831437,right
1775093955.8489752,rest
1775093957.853772,left
1775093959.8554199,rest
1775093961.860393,done
